{"cameraMode":{"drawMode":0,"name":"Shaded","section":"Shading Mode"},"sceneLighting":true,"audioPlay":false,"sceneViewState":{"m_AlwaysRefresh":false,"showFog":true,"showSkybox":true,"showFlares":true,"showImageEffects":true,"showParticleSystems":true,"showVisualEffectGraphs":true,"m_FxEnabled":true},"in2DMode":false,"pivot":{"x":25.412181854248048,"y":-25.062105178833009,"z":-8.478155136108399},"rotation":{"x":-0.14564533531665803,"y":-0.8340514898300171,"z":0.26240500807762148,"w":-0.46293458342552187},"size":28.88541030883789,"orthographic":false}